priority,file_type,file,specific_visual_problem,recommended_design_solution,status
"high","Markdown draft","src/content/knowledge/health conditions/Diseases/circadian-dysregulation.md	","External Unsplash image with uncontrolled crop, availability, and visual tone","Text-first article until a reviewed, rights-cleared, topic-specific local image is available","Fixed: removed image line"
"high","Markdown draft","src/content/knowledge/health conditions/Diseases/diabetes-reversal.md	","External Unsplash image with uncontrolled crop, availability, and visual tone","Text-first article until a reviewed, rights-cleared, topic-specific local image is available","Fixed: removed image line"
"high","Markdown draft","src/content/knowledge/health conditions/Diseases/gut-health.md	","External Unsplash image with uncontrolled crop, availability, and visual tone","Text-first article until a reviewed, rights-cleared, topic-specific local image is available","Fixed: removed image line"
"high","Markdown draft","src/content/knowledge/health conditions/Diseases/hypertension.md	","External Unsplash image with uncontrolled crop, availability, and visual tone","Text-first article until a reviewed, rights-cleared, topic-specific local image is available","Fixed: removed image line"
"high","Markdown draft","src/content/knowledge/health conditions/Diseases/insulin-resistance.md	","External Unsplash image with uncontrolled crop, availability, and visual tone","Text-first article until a reviewed, rights-cleared, topic-specific local image is available","Fixed: removed image line"
"high","Markdown draft","src/content/knowledge/health conditions/Diseases/masld.md	","External Unsplash image with uncontrolled crop, availability, and visual tone","Text-first article until a reviewed, rights-cleared, topic-specific local image is available","Fixed: removed image line"
"high","Markdown draft","src/content/knowledge/health conditions/Diseases/pcod-pcos.md	","External Unsplash image with uncontrolled crop, availability, and visual tone","Text-first article until a reviewed, rights-cleared, topic-specific local image is available","Fixed: removed image line"
"high","Markdown draft","src/content/knowledge/health conditions/Diseases/thyroid-dysfunction.md	","External Unsplash image with uncontrolled crop, availability, and visual tone","Text-first article until a reviewed, rights-cleared, topic-specific local image is available","Fixed: removed image line"
"medium","Markdown draft","src/content/knowledge/health topics/General/a-fib.md	","Repeated generic brand illustration used for an unrelated topic","Text-first article until a reviewed, rights-cleared, topic-specific local image is available","Fixed: removed image line"
"medium","Markdown draft","src/content/knowledge/health topics/General/acid-reflux.md	","Repeated generic brand illustration used for an unrelated topic","Text-first article until a reviewed, rights-cleared, topic-specific local image is available","Fixed: removed image line"
"high","Markdown draft","src/content/knowledge/health topics/General/acne-skin-clarity.md	","External Unsplash image with uncontrolled crop, availability, and visual tone","Text-first article until a reviewed, rights-cleared, topic-specific local image is available","Fixed: removed image line"
"medium","Markdown draft","src/content/knowledge/health topics/General/acne.md	","Repeated generic brand illustration used for an unrelated topic","Text-first article until a reviewed, rights-cleared, topic-specific local image is available","Fixed: removed image line"
"medium","Markdown draft","src/content/knowledge/health topics/General/adenomyosis.md	","Repeated generic brand illustration used for an unrelated topic","Text-first article until a reviewed, rights-cleared, topic-specific local image is available","Fixed: removed image line"
"medium","Markdown draft","src/content/knowledge/health topics/General/adhd-brain-focus-kids.md	","Repeated generic brand illustration used for an unrelated topic","Text-first article until a reviewed, rights-cleared, topic-specific local image is available","Fixed: removed image line"
"medium","Markdown draft","src/content/knowledge/health topics/General/adhd.md	","Repeated generic brand illustration used for an unrelated topic","Text-first article until a reviewed, rights-cleared, topic-specific local image is available","Fixed: removed image line"
"medium","Markdown draft","src/content/knowledge/health topics/General/alcoholic-liver-disease.md	","Repeated generic brand illustration used for an unrelated topic","Text-first article until a reviewed, rights-cleared, topic-specific local image is available","Fixed: removed image line"
"medium","Markdown draft","src/content/knowledge/health topics/General/anal-fissure.md	","Repeated generic brand illustration used for an unrelated topic","Text-first article until a reviewed, rights-cleared, topic-specific local image is available","Fixed: removed image line"
"medium","Markdown draft","src/content/knowledge/health topics/General/angina.md	","Repeated generic brand illustration used for an unrelated topic","Text-first article until a reviewed, rights-cleared, topic-specific local image is available","Fixed: removed image line"
"medium","Markdown draft","src/content/knowledge/health topics/General/anorexia-bulimia-bed.md	","Repeated generic brand illustration used for an unrelated topic","Text-first article until a reviewed, rights-cleared, topic-specific local image is available","Fixed: removed image line"
"medium","Markdown draft","src/content/knowledge/health topics/General/anorexia-nervosa.md	","Repeated generic brand illustration used for an unrelated topic","Text-first article until a reviewed, rights-cleared, topic-specific local image is available","Fixed: removed image line"
"high","Markdown draft","src/content/knowledge/health topics/General/anti-aging-support.md	","External Unsplash image with uncontrolled crop, availability, and visual tone","Text-first article until a reviewed, rights-cleared, topic-specific local image is available","Fixed: removed image line"
"high","Markdown draft","src/content/knowledge/health topics/General/anti-inflammatory-support.md	","External Unsplash image with uncontrolled crop, availability, and visual tone","Text-first article until a reviewed, rights-cleared, topic-specific local image is available","Fixed: removed image line"
"medium","Markdown draft","src/content/knowledge/health topics/General/anxiety.md	","Repeated generic brand illustration used for an unrelated topic","Text-first article until a reviewed, rights-cleared, topic-specific local image is available","Fixed: removed image line"
"high","Markdown draft","src/content/knowledge/health topics/General/arthritis-support.md	","External Unsplash image with uncontrolled crop, availability, and visual tone","Text-first article until a reviewed, rights-cleared, topic-specific local image is available","Fixed: removed image line"
"medium","Markdown draft","src/content/knowledge/health topics/General/asthma.md	","Repeated generic brand illustration used for an unrelated topic","Text-first article until a reviewed, rights-cleared, topic-specific local image is available","Fixed: removed image line"
"medium","Markdown draft","src/content/knowledge/health topics/General/autoimmune-hashimotos-protocol.md	","Repeated generic brand illustration used for an unrelated topic","Text-first article until a reviewed, rights-cleared, topic-specific local image is available","Fixed: removed image line"
"medium","Markdown draft","src/content/knowledge/health topics/General/b12-deficiency.md	","Repeated generic brand illustration used for an unrelated topic","Text-first article until a reviewed, rights-cleared, topic-specific local image is available","Fixed: removed image line"
"medium","Markdown draft","src/content/knowledge/health topics/General/baby-tooth-decay.md	","Repeated generic brand illustration used for an unrelated topic","Text-first article until a reviewed, rights-cleared, topic-specific local image is available","Fixed: removed image line"
"medium","Markdown draft","src/content/knowledge/health topics/General/back-pain.md	","Repeated generic brand illustration used for an unrelated topic","Text-first article until a reviewed, rights-cleared, topic-specific local image is available","Fixed: removed image line"
"high","Markdown draft","src/content/knowledge/health topics/General/back-spine-health.md	","External Unsplash image with uncontrolled crop, availability, and visual tone","Text-first article until a reviewed, rights-cleared, topic-specific local image is available","Fixed: removed image line"
"medium","Markdown draft","src/content/knowledge/health topics/General/bad-breath-gut.md	","Repeated generic brand illustration used for an unrelated topic","Text-first article until a reviewed, rights-cleared, topic-specific local image is available","Fixed: removed image line"
"high","Markdown draft","src/content/knowledge/health topics/General/belly-fat-reduction.md	","External Unsplash image with uncontrolled crop, availability, and visual tone","Text-first article until a reviewed, rights-cleared, topic-specific local image is available","Fixed: removed image line"
"medium","Markdown draft","src/content/knowledge/health topics/General/binge-eating.md	","Repeated generic brand illustration used for an unrelated topic","Text-first article until a reviewed, rights-cleared, topic-specific local image is available","Fixed: removed image line"
"high","Markdown draft","src/content/knowledge/health topics/General/blood-circulation.md	","External Unsplash image with uncontrolled crop, availability, and visual tone","Text-first article until a reviewed, rights-cleared, topic-specific local image is available","Fixed: removed image line"
"medium","Markdown draft","src/content/knowledge/health topics/General/boils-hidradenitis.md	","Repeated generic brand illustration used for an unrelated topic","Text-first article until a reviewed, rights-cleared, topic-specific local image is available","Fixed: removed image line"
"medium","Markdown draft","src/content/knowledge/health topics/General/botulism.md	","Repeated generic brand illustration used for an unrelated topic","Text-first article until a reviewed, rights-cleared, topic-specific local image is available","Fixed: removed image line"
"medium","Markdown draft","src/content/knowledge/health topics/General/bowel-cancer.md	","Repeated generic brand illustration used for an unrelated topic","Text-first article until a reviewed, rights-cleared, topic-specific local image is available","Fixed: removed image line"
"medium","Markdown draft","src/content/knowledge/health topics/General/bowel-polyps.md	","Repeated generic brand illustration used for an unrelated topic","Text-first article until a reviewed, rights-cleared, topic-specific local image is available","Fixed: removed image line"
"medium","Markdown draft","src/content/knowledge/health topics/General/breast-cancer.md	","Repeated generic brand illustration used for an unrelated topic","Text-first article until a reviewed, rights-cleared, topic-specific local image is available","Fixed: removed image line"
"medium","Markdown draft","src/content/knowledge/health topics/General/bulimia-nervosa.md	","Repeated generic brand illustration used for an unrelated topic","Text-first article until a reviewed, rights-cleared, topic-specific local image is available","Fixed: removed image line"
"medium","Markdown draft","src/content/knowledge/health topics/General/caffeine-toxicity.md	","Repeated generic brand illustration used for an unrelated topic","Text-first article until a reviewed, rights-cleared, topic-specific local image is available","Fixed: removed image line"
"medium","Markdown draft","src/content/knowledge/health topics/General/cataracts-macular-degeneration.md	","Repeated generic brand illustration used for an unrelated topic","Text-first article until a reviewed, rights-cleared, topic-specific local image is available","Fixed: removed image line"
"medium","Markdown draft","src/content/knowledge/health topics/General/celiac-disease.md	","Repeated generic brand illustration used for an unrelated topic","Text-first article until a reviewed, rights-cleared, topic-specific local image is available","Fixed: removed image line"
"medium","Markdown draft","src/content/knowledge/health topics/General/chilblains.md	","Repeated generic brand illustration used for an unrelated topic","Text-first article until a reviewed, rights-cleared, topic-specific local image is available","Fixed: removed image line"
"medium","Markdown draft","src/content/knowledge/health topics/General/cholesterol-deposits.md	","Repeated generic brand illustration used for an unrelated topic","Text-first article until a reviewed, rights-cleared, topic-specific local image is available","Fixed: removed image line"
"high","Markdown draft","src/content/knowledge/health topics/General/cholesterol-mgmt.md	","External Unsplash image with uncontrolled crop, availability, and visual tone","Text-first article until a reviewed, rights-cleared, topic-specific local image is available","Fixed: removed image line"
"medium","Markdown draft","src/content/knowledge/health topics/General/chronic-fatigue-syndrome.md	","Repeated generic brand illustration used for an unrelated topic","Text-first article until a reviewed, rights-cleared, topic-specific local image is available","Fixed: removed image line"
"medium","Markdown draft","src/content/knowledge/health topics/General/chronic-fatigue.md	","Repeated generic brand illustration used for an unrelated topic","Text-first article until a reviewed, rights-cleared, topic-specific local image is available","Fixed: removed image line"
"medium","Markdown draft","src/content/knowledge/health topics/General/ckd-dialysis-diet.md	","Repeated generic brand illustration used for an unrelated topic","Text-first article until a reviewed, rights-cleared, topic-specific local image is available","Fixed: removed image line"
"medium","Markdown draft","src/content/knowledge/health topics/General/cognitive-decline.md	","Repeated generic brand illustration used for an unrelated topic","Text-first article until a reviewed, rights-cleared, topic-specific local image is available","Fixed: removed image line"
"medium","Markdown draft","src/content/knowledge/health topics/General/cold-sores.md	","Repeated generic brand illustration used for an unrelated topic","Text-first article until a reviewed, rights-cleared, topic-specific local image is available","Fixed: removed image line"
"medium","Markdown draft","src/content/knowledge/health topics/General/constipation.md	","Repeated generic brand illustration used for an unrelated topic","Text-first article until a reviewed, rights-cleared, topic-specific local image is available","Fixed: removed image line"
"high","Markdown draft","src/content/knowledge/health topics/General/cortisol-balance.md	","External Unsplash image with uncontrolled crop, availability, and visual tone","Text-first article until a reviewed, rights-cleared, topic-specific local image is available","Fixed: removed image line"
"medium","Markdown draft","src/content/knowledge/health topics/General/crohns-uc.md	","Repeated generic brand illustration used for an unrelated topic","Text-first article until a reviewed, rights-cleared, topic-specific local image is available","Fixed: removed image line"
"medium","Markdown draft","src/content/knowledge/health topics/General/cystic-fibrosis.md	","Repeated generic brand illustration used for an unrelated topic","Text-first article until a reviewed, rights-cleared, topic-specific local image is available","Fixed: removed image line"
"medium","Markdown draft","src/content/knowledge/health topics/General/dandruff.md	","Repeated generic brand illustration used for an unrelated topic","Text-first article until a reviewed, rights-cleared, topic-specific local image is available","Fixed: removed image line"
"medium","Markdown draft","src/content/knowledge/health topics/General/dark-neckskin-tags.md	","Repeated generic brand illustration used for an unrelated topic","Text-first article until a reviewed, rights-cleared, topic-specific local image is available","Fixed: removed image line"
"medium","Markdown draft","src/content/knowledge/health topics/General/dehydration.md	","Repeated generic brand illustration used for an unrelated topic","Text-first article until a reviewed, rights-cleared, topic-specific local image is available","Fixed: removed image line"
"medium","Markdown draft","src/content/knowledge/health topics/General/dental-erosion.md	","Repeated generic brand illustration used for an unrelated topic","Text-first article until a reviewed, rights-cleared, topic-specific local image is available","Fixed: removed image line"
"medium","Markdown draft","src/content/knowledge/health topics/General/dental-fluorosis.md	","Repeated generic brand illustration used for an unrelated topic","Text-first article until a reviewed, rights-cleared, topic-specific local image is available","Fixed: removed image line"
"medium","Markdown draft","src/content/knowledge/health topics/General/depression.md	","Repeated generic brand illustration used for an unrelated topic","Text-first article until a reviewed, rights-cleared, topic-specific local image is available","Fixed: removed image line"
"high","Markdown draft","src/content/knowledge/health topics/General/detox-rejuvenation.md	","External Unsplash image with uncontrolled crop, availability, and visual tone","Text-first article until a reviewed, rights-cleared, topic-specific local image is available","Fixed: removed image line"
"medium","Markdown draft","src/content/knowledge/health topics/General/diabetes-reversal.md	","Repeated generic brand illustration used for an unrelated topic","Text-first article until a reviewed, rights-cleared, topic-specific local image is available","Fixed: removed image line"
"medium","Markdown draft","src/content/knowledge/health topics/General/diabetic-neuropathy.md	","Repeated generic brand illustration used for an unrelated topic","Text-first article until a reviewed, rights-cleared, topic-specific local image is available","Fixed: removed image line"
"medium","Markdown draft","src/content/knowledge/health topics/General/diabetic-retinopathy.md	","Repeated generic brand illustration used for an unrelated topic","Text-first article until a reviewed, rights-cleared, topic-specific local image is available","Fixed: removed image line"
"medium","Markdown draft","src/content/knowledge/health topics/General/diverticulitis.md	","Repeated generic brand illustration used for an unrelated topic","Text-first article until a reviewed, rights-cleared, topic-specific local image is available","Fixed: removed image line"
"medium","Markdown draft","src/content/knowledge/health topics/General/dka-prevention.md	","Repeated generic brand illustration used for an unrelated topic","Text-first article until a reviewed, rights-cleared, topic-specific local image is available","Fixed: removed image line"
"medium","Markdown draft","src/content/knowledge/health topics/General/dry-eye.md	","Repeated generic brand illustration used for an unrelated topic","Text-first article until a reviewed, rights-cleared, topic-specific local image is available","Fixed: removed image line"
"medium","Markdown draft","src/content/knowledge/health topics/General/dvt.md	","Repeated generic brand illustration used for an unrelated topic","Text-first article until a reviewed, rights-cleared, topic-specific local image is available","Fixed: removed image line"
"medium","Markdown draft","src/content/knowledge/health topics/General/eczema.md	","Repeated generic brand illustration used for an unrelated topic","Text-first article until a reviewed, rights-cleared, topic-specific local image is available","Fixed: removed image line"
"medium","Markdown draft","src/content/knowledge/health topics/General/endometrial-cancer.md	","Repeated generic brand illustration used for an unrelated topic","Text-first article until a reviewed, rights-cleared, topic-specific local image is available","Fixed: removed image line"
"medium","Markdown draft","src/content/knowledge/health topics/General/endometriosis-pain.md	","Repeated generic brand illustration used for an unrelated topic","Text-first article until a reviewed, rights-cleared, topic-specific local image is available","Fixed: removed image line"
"medium","Markdown draft","src/content/knowledge/health topics/General/eoe.md	","Repeated generic brand illustration used for an unrelated topic","Text-first article until a reviewed, rights-cleared, topic-specific local image is available","Fixed: removed image line"
"medium","Markdown draft","src/content/knowledge/health topics/General/epilepsy-diet-cured.md	","Repeated generic brand illustration used for an unrelated topic","Text-first article until a reviewed, rights-cleared, topic-specific local image is available","Fixed: removed image line"
"medium","Markdown draft","src/content/knowledge/health topics/General/erectile-dysfunction.md	","Repeated generic brand illustration used for an unrelated topic","Text-first article until a reviewed, rights-cleared, topic-specific local image is available","Fixed: removed image line"
"medium","Markdown draft","src/content/knowledge/health topics/General/esophageal-cancer.md	","Repeated generic brand illustration used for an unrelated topic","Text-first article until a reviewed, rights-cleared, topic-specific local image is available","Fixed: removed image line"
"medium","Markdown draft","src/content/knowledge/health topics/General/esophagitis.md	","Repeated generic brand illustration used for an unrelated topic","Text-first article until a reviewed, rights-cleared, topic-specific local image is available","Fixed: removed image line"
"medium","Markdown draft","src/content/knowledge/health topics/General/eye-twitches.md	","Repeated generic brand illustration used for an unrelated topic","Text-first article until a reviewed, rights-cleared, topic-specific local image is available","Fixed: removed image line"
"medium","Markdown draft","src/content/knowledge/health topics/General/fatty-liver-reversal.md	","Repeated generic brand illustration used for an unrelated topic","Text-first article until a reviewed, rights-cleared, topic-specific local image is available","Fixed: removed image line"
"medium","Markdown draft","src/content/knowledge/health topics/General/fatty-liver.md	","Repeated generic brand illustration used for an unrelated topic","Text-first article until a reviewed, rights-cleared, topic-specific local image is available","Fixed: removed image line"
"medium","Markdown draft","src/content/knowledge/health topics/General/fatty-pancreas.md	","Repeated generic brand illustration used for an unrelated topic","Text-first article until a reviewed, rights-cleared, topic-specific local image is available","Fixed: removed image line"
"high","Markdown draft","src/content/knowledge/health topics/General/fertility-hormone-support.md	","External Unsplash image with uncontrolled crop, availability, and visual tone","Text-first article until a reviewed, rights-cleared, topic-specific local image is available","Fixed: removed image line"
"medium","Markdown draft","src/content/knowledge/health topics/General/fetal-alcohol-syndrome.md	","Repeated generic brand illustration used for an unrelated topic","Text-first article until a reviewed, rights-cleared, topic-specific local image is available","Fixed: removed image line"
"medium","Markdown draft","src/content/knowledge/health topics/General/fibromyalgia-pain-management.md	","Repeated generic brand illustration used for an unrelated topic","Text-first article until a reviewed, rights-cleared, topic-specific local image is available","Fixed: removed image line"
"medium","Markdown draft","src/content/knowledge/health topics/General/folate-deficiency.md	","Repeated generic brand illustration used for an unrelated topic","Text-first article until a reviewed, rights-cleared, topic-specific local image is available","Fixed: removed image line"
"medium","Markdown draft","src/content/knowledge/health topics/General/frostbite.md	","Repeated generic brand illustration used for an unrelated topic","Text-first article until a reviewed, rights-cleared, topic-specific local image is available","Fixed: removed image line"
"medium","Markdown draft","src/content/knowledge/health topics/General/g6pd-deficiency.md	","Repeated generic brand illustration used for an unrelated topic","Text-first article until a reviewed, rights-cleared, topic-specific local image is available","Fixed: removed image line"
"medium","Markdown draft","src/content/knowledge/health topics/General/gallstones.md	","Repeated generic brand illustration used for an unrelated topic","Text-first article until a reviewed, rights-cleared, topic-specific local image is available","Fixed: removed image line"
"medium","Markdown draft","src/content/knowledge/health topics/General/gastritis.md	","Repeated generic brand illustration used for an unrelated topic","Text-first article until a reviewed, rights-cleared, topic-specific local image is available","Fixed: removed image line"
"medium","Markdown draft","src/content/knowledge/health topics/General/geriatric-strength-nutrition.md	","Repeated generic brand illustration used for an unrelated topic","Text-first article until a reviewed, rights-cleared, topic-specific local image is available","Fixed: removed image line"
"medium","Markdown draft","src/content/knowledge/health topics/General/gestational-diabetes.md	","Repeated generic brand illustration used for an unrelated topic","Text-first article until a reviewed, rights-cleared, topic-specific local image is available","Fixed: removed image line"
"medium","Markdown draft","src/content/knowledge/health topics/General/gluten-sensitivity.md	","Repeated generic brand illustration used for an unrelated topic","Text-first article until a reviewed, rights-cleared, topic-specific local image is available","Fixed: removed image line"
"medium","Markdown draft","src/content/knowledge/health topics/General/gout-uric-acid-reversal.md	","Repeated generic brand illustration used for an unrelated topic","Text-first article until a reviewed, rights-cleared, topic-specific local image is available","Fixed: removed image line"
"medium","Markdown draft","src/content/knowledge/health topics/General/gout.md	","Repeated generic brand illustration used for an unrelated topic","Text-first article until a reviewed, rights-cleared, topic-specific local image is available","Fixed: removed image line"
"medium","Markdown draft","src/content/knowledge/health topics/General/gum-disease.md	","Repeated generic brand illustration used for an unrelated topic","Text-first article until a reviewed, rights-cleared, topic-specific local image is available","Fixed: removed image line"
"medium","Markdown draft","src/content/knowledge/health topics/General/gut-health-acidity.md	","Repeated generic brand illustration used for an unrelated topic","Text-first article until a reviewed, rights-cleared, topic-specific local image is available","Fixed: removed image line"
"medium","Markdown draft","src/content/knowledge/health topics/General/h-pylori-infection.md	","Repeated generic brand illustration used for an unrelated topic","Text-first article until a reviewed, rights-cleared, topic-specific local image is available","Fixed: removed image line"
"high","Markdown draft","src/content/knowledge/health topics/General/hair-growth-strength.md	","External Unsplash image with uncontrolled crop, availability, and visual tone","Text-first article until a reviewed, rights-cleared, topic-specific local image is available","Fixed: removed image line"
"medium","Markdown draft","src/content/knowledge/health topics/General/hair-loss.md	","Repeated generic brand illustration used for an unrelated topic","Text-first article until a reviewed, rights-cleared, topic-specific local image is available","Fixed: removed image line"
"medium","Markdown draft","src/content/knowledge/health topics/General/hashimotos.md	","Repeated generic brand illustration used for an unrelated topic","Text-first article until a reviewed, rights-cleared, topic-specific local image is available","Fixed: removed image line"
"high","Markdown draft","src/content/knowledge/health topics/General/healthy-aging-solutions.md	","External Unsplash image with uncontrolled crop, availability, and visual tone","Text-first article until a reviewed, rights-cleared, topic-specific local image is available","Fixed: removed image line"
"medium","Markdown draft","src/content/knowledge/health topics/General/heart-attack.md	","Repeated generic brand illustration used for an unrelated topic","Text-first article until a reviewed, rights-cleared, topic-specific local image is available","Fixed: removed image line"
"medium","Markdown draft","src/content/knowledge/health topics/General/heart-disease.md	","Repeated generic brand illustration used for an unrelated topic","Text-first article until a reviewed, rights-cleared, topic-specific local image is available","Fixed: removed image line"
"high","Markdown draft","src/content/knowledge/health topics/General/heart-health.md	","External Unsplash image with uncontrolled crop, availability, and visual tone","Text-first article until a reviewed, rights-cleared, topic-specific local image is available","Fixed: removed image line"
"medium","Markdown draft","src/content/knowledge/health topics/General/heatstroke.md	","Repeated generic brand illustration used for an unrelated topic","Text-first article until a reviewed, rights-cleared, topic-specific local image is available","Fixed: removed image line"
"medium","Markdown draft","src/content/knowledge/health topics/General/heelarch-pain.md	","Repeated generic brand illustration used for an unrelated topic","Text-first article until a reviewed, rights-cleared, topic-specific local image is available","Fixed: removed image line"
"medium","Markdown draft","src/content/knowledge/health topics/General/hemorrhoids.md	","Repeated generic brand illustration used for an unrelated topic","Text-first article until a reviewed, rights-cleared, topic-specific local image is available","Fixed: removed image line"
"medium","Markdown draft","src/content/knowledge/health topics/General/hereditary-fructose-intolerance.md	","Repeated generic brand illustration used for an unrelated topic","Text-first article until a reviewed, rights-cleared, topic-specific local image is available","Fixed: removed image line"
"medium","Markdown draft","src/content/knowledge/health topics/General/high-blood-sugar.md	","Repeated generic brand illustration used for an unrelated topic","Text-first article until a reviewed, rights-cleared, topic-specific local image is available","Fixed: removed image line"
"medium","Markdown draft","src/content/knowledge/health topics/General/high-bp.md	","Repeated generic brand illustration used for an unrelated topic","Text-first article until a reviewed, rights-cleared, topic-specific local image is available","Fixed: removed image line"
"medium","Markdown draft","src/content/knowledge/health topics/General/high-cholesterol.md	","Repeated generic brand illustration used for an unrelated topic","Text-first article until a reviewed, rights-cleared, topic-specific local image is available","Fixed: removed image line"
"medium","Markdown draft","src/content/knowledge/health topics/General/histamine-intolerance-allergy.md	","Repeated generic brand illustration used for an unrelated topic","Text-first article until a reviewed, rights-cleared, topic-specific local image is available","Fixed: removed image line"
"medium","Markdown draft","src/content/knowledge/health topics/General/histamine-intolerance.md	","Repeated generic brand illustration used for an unrelated topic","Text-first article until a reviewed, rights-cleared, topic-specific local image is available","Fixed: removed image line"
"high","Markdown draft","src/content/knowledge/health topics/General/hormonal-imbalance.md	","External Unsplash image with uncontrolled crop, availability, and visual tone","Text-first article until a reviewed, rights-cleared, topic-specific local image is available","Fixed: removed image line"
"medium","Markdown draft","src/content/knowledge/health topics/General/hypertension-management.md	","Repeated generic brand illustration used for an unrelated topic","Text-first article until a reviewed, rights-cleared, topic-specific local image is available","Fixed: removed image line"
"high","Markdown draft","src/content/knowledge/health topics/General/hyperthyroid-protocol.md	","External Unsplash image with uncontrolled crop, availability, and visual tone","Text-first article until a reviewed, rights-cleared, topic-specific local image is available","Fixed: removed image line"
"medium","Markdown draft","src/content/knowledge/health topics/General/hypothermia.md	","Repeated generic brand illustration used for an unrelated topic","Text-first article until a reviewed, rights-cleared, topic-specific local image is available","Fixed: removed image line"
"medium","Markdown draft","src/content/knowledge/health topics/General/ibs-ibd-gut-repair.md	","Repeated generic brand illustration used for an unrelated topic","Text-first article until a reviewed, rights-cleared, topic-specific local image is available","Fixed: removed image line"
"medium","Markdown draft","src/content/knowledge/health topics/General/ibs.md	","Repeated generic brand illustration used for an unrelated topic","Text-first article until a reviewed, rights-cleared, topic-specific local image is available","Fixed: removed image line"
"high","Markdown draft","src/content/knowledge/health topics/General/immunity-boost.md	","External Unsplash image with uncontrolled crop, availability, and visual tone","Text-first article until a reviewed, rights-cleared, topic-specific local image is available","Fixed: removed image line"
"medium","Markdown draft","src/content/knowledge/health topics/General/infertility.md	","Repeated generic brand illustration used for an unrelated topic","Text-first article until a reviewed, rights-cleared, topic-specific local image is available","Fixed: removed image line"
"medium","Markdown draft","src/content/knowledge/health topics/General/insomnia.md	","Repeated generic brand illustration used for an unrelated topic","Text-first article until a reviewed, rights-cleared, topic-specific local image is available","Fixed: removed image line"
"high","Markdown draft","src/content/knowledge/health topics/General/insulin-resistance-mgmt.md	","External Unsplash image with uncontrolled crop, availability, and visual tone","Text-first article until a reviewed, rights-cleared, topic-specific local image is available","Fixed: removed image line"
"medium","Markdown draft","src/content/knowledge/health topics/General/interstitial-cystitis.md	","Repeated generic brand illustration used for an unrelated topic","Text-first article until a reviewed, rights-cleared, topic-specific local image is available","Fixed: removed image line"
"medium","Markdown draft","src/content/knowledge/health topics/General/iron-deficiency.md	","Repeated generic brand illustration used for an unrelated topic","Text-first article until a reviewed, rights-cleared, topic-specific local image is available","Fixed: removed image line"
"medium","Markdown draft","src/content/knowledge/health topics/General/iron-overload.md	","Repeated generic brand illustration used for an unrelated topic","Text-first article until a reviewed, rights-cleared, topic-specific local image is available","Fixed: removed image line"
"medium","Markdown draft","src/content/knowledge/health topics/General/jet-lag-shift-work.md	","Repeated generic brand illustration used for an unrelated topic","Text-first article until a reviewed, rights-cleared, topic-specific local image is available","Fixed: removed image line"
"medium","Markdown draft","src/content/knowledge/health topics/General/jet-lag.md	","Repeated generic brand illustration used for an unrelated topic","Text-first article until a reviewed, rights-cleared, topic-specific local image is available","Fixed: removed image line"
"high","Markdown draft","src/content/knowledge/health topics/General/joint-pain-relief.md	","External Unsplash image with uncontrolled crop, availability, and visual tone","Text-first article until a reviewed, rights-cleared, topic-specific local image is available","Fixed: removed image line"
"medium","Markdown draft","src/content/knowledge/health topics/General/kid-immunity-growth.md	","Repeated generic brand illustration used for an unrelated topic","Text-first article until a reviewed, rights-cleared, topic-specific local image is available","Fixed: removed image line"
"medium","Markdown draft","src/content/knowledge/health topics/General/kidney-cancer.md	","Repeated generic brand illustration used for an unrelated topic","Text-first article until a reviewed, rights-cleared, topic-specific local image is available","Fixed: removed image line"
"medium","Markdown draft","src/content/knowledge/health topics/General/kidney-health-diet.md	","Repeated generic brand illustration used for an unrelated topic","Text-first article until a reviewed, rights-cleared, topic-specific local image is available","Fixed: removed image line"
"medium","Markdown draft","src/content/knowledge/health topics/General/kidney-stones.md	","Repeated generic brand illustration used for an unrelated topic","Text-first article until a reviewed, rights-cleared, topic-specific local image is available","Fixed: removed image line"
"medium","Markdown draft","src/content/knowledge/health topics/General/kwashiorkor.md	","Repeated generic brand illustration used for an unrelated topic","Text-first article until a reviewed, rights-cleared, topic-specific local image is available","Fixed: removed image line"
"medium","Markdown draft","src/content/knowledge/health topics/General/lactose-intolerance.md	","Repeated generic brand illustration used for an unrelated topic","Text-first article until a reviewed, rights-cleared, topic-specific local image is available","Fixed: removed image line"
"medium","Markdown draft","src/content/knowledge/health topics/General/leaky-gut.md	","Repeated generic brand illustration used for an unrelated topic","Text-first article until a reviewed, rights-cleared, topic-specific local image is available","Fixed: removed image line"
"medium","Markdown draft","src/content/knowledge/health topics/General/leg-ulcers.md	","Repeated generic brand illustration used for an unrelated topic","Text-first article until a reviewed, rights-cleared, topic-specific local image is available","Fixed: removed image line"
"medium","Markdown draft","src/content/knowledge/health topics/General/listeria-toxo-trichinosis.md	","Repeated generic brand illustration used for an unrelated topic","Text-first article until a reviewed, rights-cleared, topic-specific local image is available","Fixed: removed image line"
"medium","Markdown draft","src/content/knowledge/health topics/General/liver-cancer.md	","Repeated generic brand illustration used for an unrelated topic","Text-first article until a reviewed, rights-cleared, topic-specific local image is available","Fixed: removed image line"
"medium","Markdown draft","src/content/knowledge/health topics/General/liver-detoxification-pathways.md	","Repeated generic brand illustration used for an unrelated topic","Text-first article until a reviewed, rights-cleared, topic-specific local image is available","Fixed: removed image line"
"medium","Markdown draft","src/content/knowledge/health topics/General/liver-encephalopathy.md	","Repeated generic brand illustration used for an unrelated topic","Text-first article until a reviewed, rights-cleared, topic-specific local image is available","Fixed: removed image line"
"medium","Markdown draft","src/content/knowledge/health topics/General/low-blood-sugar.md	","Repeated generic brand illustration used for an unrelated topic","Text-first article until a reviewed, rights-cleared, topic-specific local image is available","Fixed: removed image line"
"medium","Markdown draft","src/content/knowledge/health topics/General/low-bp.md	","Repeated generic brand illustration used for an unrelated topic","Text-first article until a reviewed, rights-cleared, topic-specific local image is available","Fixed: removed image line"
"medium","Markdown draft","src/content/knowledge/health topics/General/low-libido.md	","Repeated generic brand illustration used for an unrelated topic","Text-first article until a reviewed, rights-cleared, topic-specific local image is available","Fixed: removed image line"
"medium","Markdown draft","src/content/knowledge/health topics/General/low-potassium.md	","Repeated generic brand illustration used for an unrelated topic","Text-first article until a reviewed, rights-cleared, topic-specific local image is available","Fixed: removed image line"
"medium","Markdown draft","src/content/knowledge/health topics/General/lupus.md	","Repeated generic brand illustration used for an unrelated topic","Text-first article until a reviewed, rights-cleared, topic-specific local image is available","Fixed: removed image line"
"medium","Markdown draft","src/content/knowledge/health topics/General/malnutrition.md	","Repeated generic brand illustration used for an unrelated topic","Text-first article until a reviewed, rights-cleared, topic-specific local image is available","Fixed: removed image line"
"high","Markdown draft","src/content/knowledge/health topics/General/menopause-hormone-support.md	","External Unsplash image with uncontrolled crop, availability, and visual tone","Text-first article until a reviewed, rights-cleared, topic-specific local image is available","Fixed: removed image line"
"medium","Markdown draft","src/content/knowledge/health topics/General/menopause-symptoms.md	","Repeated generic brand illustration used for an unrelated topic","Text-first article until a reviewed, rights-cleared, topic-specific local image is available","Fixed: removed image line"
"high","Markdown draft","src/content/knowledge/health topics/General/menopause-weight-mgmt.md	","External Unsplash image with uncontrolled crop, availability, and visual tone","Text-first article until a reviewed, rights-cleared, topic-specific local image is available","Fixed: removed image line"
"medium","Markdown draft","src/content/knowledge/health topics/General/mercury-poisoning.md	","Repeated generic brand illustration used for an unrelated topic","Text-first article until a reviewed, rights-cleared, topic-specific local image is available","Fixed: removed image line"
"medium","Markdown draft","src/content/knowledge/health topics/General/metabolic-syndrome.md	","Repeated generic brand illustration used for an unrelated topic","Text-first article until a reviewed, rights-cleared, topic-specific local image is available","Fixed: removed image line"
"medium","Markdown draft","src/content/knowledge/health topics/General/migraine-headache-relief.md	","Repeated generic brand illustration used for an unrelated topic","Text-first article until a reviewed, rights-cleared, topic-specific local image is available","Fixed: removed image line"
"medium","Markdown draft","src/content/knowledge/health topics/General/migraines.md	","Repeated generic brand illustration used for an unrelated topic","Text-first article until a reviewed, rights-cleared, topic-specific local image is available","Fixed: removed image line"
"medium","Markdown draft","src/content/knowledge/health topics/General/motion-sickness.md	","Repeated generic brand illustration used for an unrelated topic","Text-first article until a reviewed, rights-cleared, topic-specific local image is available","Fixed: removed image line"
"medium","Markdown draft","src/content/knowledge/health topics/General/mouth-ulcers.md	","Repeated generic brand illustration used for an unrelated topic","Text-first article until a reviewed, rights-cleared, topic-specific local image is available","Fixed: removed image line"
"medium","Markdown draft","src/content/knowledge/health topics/General/muscle-cramps.md	","Repeated generic brand illustration used for an unrelated topic","Text-first article until a reviewed, rights-cleared, topic-specific local image is available","Fixed: removed image line"
"high","Markdown draft","src/content/knowledge/health topics/General/muscle-recovery.md	","External Unsplash image with uncontrolled crop, availability, and visual tone","Text-first article until a reviewed, rights-cleared, topic-specific local image is available","Fixed: removed image line"
"medium","Markdown draft","src/content/knowledge/health topics/General/nafld-cirrhosis.md	","Repeated generic brand illustration used for an unrelated topic","Text-first article until a reviewed, rights-cleared, topic-specific local image is available","Fixed: removed image line"
"high","Markdown draft","src/content/knowledge/health topics/General/nail-health-strength.md	","External Unsplash image with uncontrolled crop, availability, and visual tone","Text-first article until a reviewed, rights-cleared, topic-specific local image is available","Fixed: removed image line"
"medium","Markdown draft","src/content/knowledge/health topics/General/night-blindness.md	","Repeated generic brand illustration used for an unrelated topic","Text-first article until a reviewed, rights-cleared, topic-specific local image is available","Fixed: removed image line"
"medium","Markdown draft","src/content/knowledge/health topics/General/night-eating.md	","Repeated generic brand illustration used for an unrelated topic","Text-first article until a reviewed, rights-cleared, topic-specific local image is available","Fixed: removed image line"
"medium","Markdown draft","src/content/knowledge/health topics/General/non-alcoholic-fatty-liver.md	","Repeated generic brand illustration used for an unrelated topic","Text-first article until a reviewed, rights-cleared, topic-specific local image is available","Fixed: removed image line"
"medium","Markdown draft","src/content/knowledge/health topics/General/obesity.md	","Repeated generic brand illustration used for an unrelated topic","Text-first article until a reviewed, rights-cleared, topic-specific local image is available","Fixed: removed image line"
"medium","Markdown draft","src/content/knowledge/health topics/General/orthorexia.md	","Repeated generic brand illustration used for an unrelated topic","Text-first article until a reviewed, rights-cleared, topic-specific local image is available","Fixed: removed image line"
"medium","Markdown draft","src/content/knowledge/health topics/General/osteoarthritis.md	","Repeated generic brand illustration used for an unrelated topic","Text-first article until a reviewed, rights-cleared, topic-specific local image is available","Fixed: removed image line"
"medium","Markdown draft","src/content/knowledge/health topics/General/osteopenia.md	","Repeated generic brand illustration used for an unrelated topic","Text-first article until a reviewed, rights-cleared, topic-specific local image is available","Fixed: removed image line"
"high","Markdown draft","src/content/knowledge/health topics/General/osteoporosis-prevention.md	","External Unsplash image with uncontrolled crop, availability, and visual tone","Text-first article until a reviewed, rights-cleared, topic-specific local image is available","Fixed: removed image line"
"medium","Markdown draft","src/content/knowledge/health topics/General/osteoporosis.md	","Repeated generic brand illustration used for an unrelated topic","Text-first article until a reviewed, rights-cleared, topic-specific local image is available","Fixed: removed image line"
"medium","Markdown draft","src/content/knowledge/health topics/General/pancreatitis.md	","Repeated generic brand illustration used for an unrelated topic","Text-first article until a reviewed, rights-cleared, topic-specific local image is available","Fixed: removed image line"
"medium","Markdown draft","src/content/knowledge/health topics/General/pcod-pcos.md	","Repeated generic brand illustration used for an unrelated topic","Text-first article until a reviewed, rights-cleared, topic-specific local image is available","Fixed: removed image line"
"medium","Markdown draft","src/content/knowledge/health topics/General/pcos-balance.md	","Repeated generic brand illustration used for an unrelated topic","Text-first article until a reviewed, rights-cleared, topic-specific local image is available","Fixed: removed image line"
"medium","Markdown draft","src/content/knowledge/health topics/General/pcos-weight-diet.md	","Repeated generic brand illustration used for an unrelated topic","Text-first article until a reviewed, rights-cleared, topic-specific local image is available","Fixed: removed image line"
"medium","Markdown draft","src/content/knowledge/health topics/General/pellagra-beri-beri.md	","Repeated generic brand illustration used for an unrelated topic","Text-first article until a reviewed, rights-cleared, topic-specific local image is available","Fixed: removed image line"
"medium","Markdown draft","src/content/knowledge/health topics/General/peripheral-artery.md	","Repeated generic brand illustration used for an unrelated topic","Text-first article until a reviewed, rights-cleared, topic-specific local image is available","Fixed: removed image line"
"medium","Markdown draft","src/content/knowledge/health topics/General/pku.md	","Repeated generic brand illustration used for an unrelated topic","Text-first article until a reviewed, rights-cleared, topic-specific local image is available","Fixed: removed image line"
"medium","Markdown draft","src/content/knowledge/health topics/General/plantar-fasciitis.md	","Repeated generic brand illustration used for an unrelated topic","Text-first article until a reviewed, rights-cleared, topic-specific local image is available","Fixed: removed image line"
"medium","Markdown draft","src/content/knowledge/health topics/General/pms-pmdd.md	","Repeated generic brand illustration used for an unrelated topic","Text-first article until a reviewed, rights-cleared, topic-specific local image is available","Fixed: removed image line"
"medium","Markdown draft","src/content/knowledge/health topics/General/post-viral-recovery.md	","Repeated generic brand illustration used for an unrelated topic","Text-first article until a reviewed, rights-cleared, topic-specific local image is available","Fixed: removed image line"
"high","Markdown draft","src/content/knowledge/health topics/General/pre-diabetes-care.md	","External Unsplash image with uncontrolled crop, availability, and visual tone","Text-first article until a reviewed, rights-cleared, topic-specific local image is available","Fixed: removed image line"
"medium","Markdown draft","src/content/knowledge/health topics/General/pre-diabetes.md	","Repeated generic brand illustration used for an unrelated topic","Text-first article until a reviewed, rights-cleared, topic-specific local image is available","Fixed: removed image line"
"medium","Markdown draft","src/content/knowledge/health topics/General/pre-eclampsia.md	","Repeated generic brand illustration used for an unrelated topic","Text-first article until a reviewed, rights-cleared, topic-specific local image is available","Fixed: removed image line"
"medium","Markdown draft","src/content/knowledge/health topics/General/pre-osteoporosis.md	","Repeated generic brand illustration used for an unrelated topic","Text-first article until a reviewed, rights-cleared, topic-specific local image is available","Fixed: removed image line"
"medium","Markdown draft","src/content/knowledge/health topics/General/pregnancy-nutrition-support.md	","Repeated generic brand illustration used for an unrelated topic","Text-first article until a reviewed, rights-cleared, topic-specific local image is available","Fixed: removed image line"
"medium","Markdown draft","src/content/knowledge/health topics/General/psoriasis.md	","Repeated generic brand illustration used for an unrelated topic","Text-first article until a reviewed, rights-cleared, topic-specific local image is available","Fixed: removed image line"
"medium","Markdown draft","src/content/knowledge/health topics/General/restless-legs.md	","Repeated generic brand illustration used for an unrelated topic","Text-first article until a reviewed, rights-cleared, topic-specific local image is available","Fixed: removed image line"
"medium","Markdown draft","src/content/knowledge/health topics/General/rheumatoid-arthritis.md	","Repeated generic brand illustration used for an unrelated topic","Text-first article until a reviewed, rights-cleared, topic-specific local image is available","Fixed: removed image line"
"medium","Markdown draft","src/content/knowledge/health topics/General/rickets.md	","Repeated generic brand illustration used for an unrelated topic","Text-first article until a reviewed, rights-cleared, topic-specific local image is available","Fixed: removed image line"
"medium","Markdown draft","src/content/knowledge/health topics/General/rosacea.md	","Repeated generic brand illustration used for an unrelated topic","Text-first article until a reviewed, rights-cleared, topic-specific local image is available","Fixed: removed image line"
"medium","Markdown draft","src/content/knowledge/health topics/General/sarcopenia.md	","Repeated generic brand illustration used for an unrelated topic","Text-first article until a reviewed, rights-cleared, topic-specific local image is available","Fixed: removed image line"
"medium","Markdown draft","src/content/knowledge/health topics/General/scurvy.md	","Repeated generic brand illustration used for an unrelated topic","Text-first article until a reviewed, rights-cleared, topic-specific local image is available","Fixed: removed image line"
"medium","Markdown draft","src/content/knowledge/health topics/General/shift-work-disorder.md	","Repeated generic brand illustration used for an unrelated topic","Text-first article until a reviewed, rights-cleared, topic-specific local image is available","Fixed: removed image line"
"medium","Markdown draft","src/content/knowledge/health topics/General/sibo-gut.md	","Repeated generic brand illustration used for an unrelated topic","Text-first article until a reviewed, rights-cleared, topic-specific local image is available","Fixed: removed image line"
"medium","Markdown draft","src/content/knowledge/health topics/General/sibo.md	","Repeated generic brand illustration used for an unrelated topic","Text-first article until a reviewed, rights-cleared, topic-specific local image is available","Fixed: removed image line"
"medium","Markdown draft","src/content/knowledge/health topics/General/singers-nodules.md	","Repeated generic brand illustration used for an unrelated topic","Text-first article until a reviewed, rights-cleared, topic-specific local image is available","Fixed: removed image line"
"high","Markdown draft","src/content/knowledge/health topics/General/skin-glow-detox.md	","External Unsplash image with uncontrolled crop, availability, and visual tone","Text-first article until a reviewed, rights-cleared, topic-specific local image is available","Fixed: removed image line"
"medium","Markdown draft","src/content/knowledge/health topics/General/sleep-apnea.md	","Repeated generic brand illustration used for an unrelated topic","Text-first article until a reviewed, rights-cleared, topic-specific local image is available","Fixed: removed image line"
"medium","Markdown draft","src/content/knowledge/health topics/General/sleep-disorder-circadian-reset.md	","Repeated generic brand illustration used for an unrelated topic","Text-first article until a reviewed, rights-cleared, topic-specific local image is available","Fixed: removed image line"
"medium","Markdown draft","src/content/knowledge/health topics/General/smokers-cough.md	","Repeated generic brand illustration used for an unrelated topic","Text-first article until a reviewed, rights-cleared, topic-specific local image is available","Fixed: removed image line"
"medium","Markdown draft","src/content/knowledge/health topics/General/spina-bifida.md	","Repeated generic brand illustration used for an unrelated topic","Text-first article until a reviewed, rights-cleared, topic-specific local image is available","Fixed: removed image line"
"medium","Markdown draft","src/content/knowledge/health topics/General/stomach-cancer.md	","Repeated generic brand illustration used for an unrelated topic","Text-first article until a reviewed, rights-cleared, topic-specific local image is available","Fixed: removed image line"
"medium","Markdown draft","src/content/knowledge/health topics/General/stomach-ulcer.md	","Repeated generic brand illustration used for an unrelated topic","Text-first article until a reviewed, rights-cleared, topic-specific local image is available","Fixed: removed image line"
"medium","Markdown draft","src/content/knowledge/health topics/General/stroke.md	","Repeated generic brand illustration used for an unrelated topic","Text-first article until a reviewed, rights-cleared, topic-specific local image is available","Fixed: removed image line"
"medium","Markdown draft","src/content/knowledge/health topics/General/sunburn-skin-aging.md	","Repeated generic brand illustration used for an unrelated topic","Text-first article until a reviewed, rights-cleared, topic-specific local image is available","Fixed: removed image line"
"medium","Markdown draft","src/content/knowledge/health topics/General/swimmers-ear.md	","Repeated generic brand illustration used for an unrelated topic","Text-first article until a reviewed, rights-cleared, topic-specific local image is available","Fixed: removed image line"
"medium","Markdown draft","src/content/knowledge/health topics/General/systemic-yeast.md	","Repeated generic brand illustration used for an unrelated topic","Text-first article until a reviewed, rights-cleared, topic-specific local image is available","Fixed: removed image line"
"medium","Markdown draft","src/content/knowledge/health topics/General/tarsal-tunnel.md	","Repeated generic brand illustration used for an unrelated topic","Text-first article until a reviewed, rights-cleared, topic-specific local image is available","Fixed: removed image line"
"medium","Markdown draft","src/content/knowledge/health topics/General/tension-headache.md	","Repeated generic brand illustration used for an unrelated topic","Text-first article until a reviewed, rights-cleared, topic-specific local image is available","Fixed: removed image line"
"high","Markdown draft","src/content/knowledge/health topics/General/testosterone-boost.md	","External Unsplash image with uncontrolled crop, availability, and visual tone","Text-first article until a reviewed, rights-cleared, topic-specific local image is available","Fixed: removed image line"
"medium","Markdown draft","src/content/knowledge/health topics/General/thyroid-optimization.md	","Repeated generic brand illustration used for an unrelated topic","Text-first article until a reviewed, rights-cleared, topic-specific local image is available","Fixed: removed image line"
"medium","Markdown draft","src/content/knowledge/health topics/General/tinnitus.md	","Repeated generic brand illustration used for an unrelated topic","Text-first article until a reviewed, rights-cleared, topic-specific local image is available","Fixed: removed image line"
"medium","Markdown draft","src/content/knowledge/health topics/General/tooth-decay.md	","Repeated generic brand illustration used for an unrelated topic","Text-first article until a reviewed, rights-cleared, topic-specific local image is available","Fixed: removed image line"
"medium","Markdown draft","src/content/knowledge/health topics/General/type-1-diabetes.md	","Repeated generic brand illustration used for an unrelated topic","Text-first article until a reviewed, rights-cleared, topic-specific local image is available","Fixed: removed image line"
"medium","Markdown draft","src/content/knowledge/health topics/General/type-2-diabetes-foot.md	","Repeated generic brand illustration used for an unrelated topic","Text-first article until a reviewed, rights-cleared, topic-specific local image is available","Fixed: removed image line"
"medium","Markdown draft","src/content/knowledge/health topics/General/type-2-diabetes.md	","Repeated generic brand illustration used for an unrelated topic","Text-first article until a reviewed, rights-cleared, topic-specific local image is available","Fixed: removed image line"
"medium","Markdown draft","src/content/knowledge/health topics/General/type-3c-diabetes.md	","Repeated generic brand illustration used for an unrelated topic","Text-first article until a reviewed, rights-cleared, topic-specific local image is available","Fixed: removed image line"
"medium","Markdown draft","src/content/knowledge/health topics/General/uti-cystitis.md	","Repeated generic brand illustration used for an unrelated topic","Text-first article until a reviewed, rights-cleared, topic-specific local image is available","Fixed: removed image line"
"medium","Markdown draft","src/content/knowledge/health topics/General/varicocele.md	","Repeated generic brand illustration used for an unrelated topic","Text-first article until a reviewed, rights-cleared, topic-specific local image is available","Fixed: removed image line"
"medium","Markdown draft","src/content/knowledge/health topics/General/varicose-veins.md	","Repeated generic brand illustration used for an unrelated topic","Text-first article until a reviewed, rights-cleared, topic-specific local image is available","Fixed: removed image line"
"medium","Markdown draft","src/content/knowledge/health topics/General/vegan-alternatives.md	","Repeated generic brand illustration used for an unrelated topic","Text-first article until a reviewed, rights-cleared, topic-specific local image is available","Fixed: removed image line"
"medium","Markdown draft","src/content/knowledge/health topics/General/vegan-beginners.md	","Repeated generic brand illustration used for an unrelated topic","Text-first article until a reviewed, rights-cleared, topic-specific local image is available","Fixed: removed image line"
"medium","Markdown draft","src/content/knowledge/health topics/General/vegan-lifestyle.md	","Repeated generic brand illustration used for an unrelated topic","Text-first article until a reviewed, rights-cleared, topic-specific local image is available","Fixed: removed image line"
"medium","Markdown draft","src/content/knowledge/health topics/General/vegan-news.md	","Repeated generic brand illustration used for an unrelated topic","Text-first article until a reviewed, rights-cleared, topic-specific local image is available","Fixed: removed image line"
"medium","Markdown draft","src/content/knowledge/health topics/General/vegan-nutrition.md	","Repeated generic brand illustration used for an unrelated topic","Text-first article until a reviewed, rights-cleared, topic-specific local image is available","Fixed: removed image line"
"medium","Markdown draft","src/content/knowledge/health topics/General/vegan-recipes.md	","Repeated generic brand illustration used for an unrelated topic","Text-first article until a reviewed, rights-cleared, topic-specific local image is available","Fixed: removed image line"
"medium","Markdown draft","src/content/knowledge/health topics/General/vegan-reviews.md	","Repeated generic brand illustration used for an unrelated topic","Text-first article until a reviewed, rights-cleared, topic-specific local image is available","Fixed: removed image line"
"medium","Markdown draft","src/content/knowledge/health topics/General/vegan-travel.md	","Repeated generic brand illustration used for an unrelated topic","Text-first article until a reviewed, rights-cleared, topic-specific local image is available","Fixed: removed image line"
"medium","Markdown draft","src/content/knowledge/health topics/General/vit-a-toxicity.md	","Repeated generic brand illustration used for an unrelated topic","Text-first article until a reviewed, rights-cleared, topic-specific local image is available","Fixed: removed image line"
"medium","Markdown draft","src/content/knowledge/health topics/General/vitamin-d-deficiency.md	","Repeated generic brand illustration used for an unrelated topic","Text-first article until a reviewed, rights-cleared, topic-specific local image is available","Fixed: removed image line"
"medium","Markdown draft","src/content/knowledge/health topics/General/vitamin-k-deficiency.md	","Repeated generic brand illustration used for an unrelated topic","Text-first article until a reviewed, rights-cleared, topic-specific local image is available","Fixed: removed image line"
"medium","Markdown draft","src/content/knowledge/health topics/General/vitiligo.md	","Repeated generic brand illustration used for an unrelated topic","Text-first article until a reviewed, rights-cleared, topic-specific local image is available","Fixed: removed image line"
"medium","Markdown draft","src/content/knowledge/health topics/General/water-intoxication.md	","Repeated generic brand illustration used for an unrelated topic","Text-first article until a reviewed, rights-cleared, topic-specific local image is available","Fixed: removed image line"
"medium","Markdown draft","src/content/knowledge/health topics/General/weight-loss-men.md	","Repeated generic brand illustration used for an unrelated topic","Text-first article until a reviewed, rights-cleared, topic-specific local image is available","Fixed: removed image line"
"high","Markdown draft","src/content/knowledge/health topics/General/weight-loss-women.md	","External Unsplash image with uncontrolled crop, availability, and visual tone","Text-first article until a reviewed, rights-cleared, topic-specific local image is available","Fixed: removed image line"
"high","Markdown draft","src/content/knowledge/health topics/General/wellness-longevity.md	","External Unsplash image with uncontrolled crop, availability, and visual tone","Text-first article until a reviewed, rights-cleared, topic-specific local image is available","Fixed: removed image line"
"medium","Markdown draft","src/content/knowledge/health topics/General/wernicke-korsakoff.md	","Repeated generic brand illustration used for an unrelated topic","Text-first article until a reviewed, rights-cleared, topic-specific local image is available","Fixed: removed image line"
"medium","Markdown draft","src/content/knowledge/health topics/General/wilsons-disease.md	","Repeated generic brand illustration used for an unrelated topic","Text-first article until a reviewed, rights-cleared, topic-specific local image is available","Fixed: removed image line"
